because fred should smile because snape must chew the chocolate that harry must prepare hermione must not walk	because fred should smile because snape must chew the chocolate that harry must not prepare hermione must walk
since the witch can swim because petunia must smile she must not hide many cookies which petunia should eat	since the witch can swim because petunia must smile she must not hide many cookies petunia should eat
since lupin can smile because george may sprinkle the pancake because lily can create a croissant dobby may not walk	since lupin can smile because george may sprinkle the pancake because lily can create a croissant
because lily should swim because snape must hide the doughnut that he must eat hermione may not hide a strudel	because lily should swim because snape must hide the doughnut that he must not eat hermione may hide a strudel
since a student must laugh since draco should walk dobby should not assemble a cake that a professor may create	since a student must laugh since draco should walk dobby should not assemble a cake a professor may create
because lily must chew a cake because lupin may create the cookie that a professor may create petunia may not swim	because lily must chew a cake because lupin may create the cookie that a professor may create
since draco may sprinkle the baklava since a witch should assemble the eclaire which petunia must arrange dobby should not laugh	since draco may sprinkle the baklava since a witch should assemble the eclaire which petunia must arrange
since the professor should make the eclaire since snape can make the croissants which harry must eat ron must not chew the doughnuts	since the professor should make the eclaire since snape can make the croissants which harry must eat ron must not chew the chew
since petunia may arrange a strudel that the student may eat a wizard should not hide the souffle because lupin may make the cakes	since petunia may arrange a strudel that the student may eat a wizard should not hide the souffle because lupin may make
sirius must not eat a cake since fred may chew the croissant since vernon should eat a baklava because harry can arrange the cakes	sirius must not eat a cake since fred may chew the croissant since vernon should eat a baklava because harry can arrange
since the wizard must hide the baklava that hagrid must chew she may not arrange a eclaire since the wizard must chew the souffles	since the wizard must hide the baklava that hagrid must chew she may not arrange a eclaire since the wizard must chew
a wizard must not chew the strudels that the witch must make because a student may sprinkle the cake which the student can eat	a wizard must not chew the strudels that the witch must make because a student may sprinkle the cake which the student
because fred can chew the souffles which he must chew snape can not laugh since hagrid should prepare the cakes that he must create	because fred can chew the souffles which he must chew snape can not laugh since hagrid should prepare the cakes that he should prepare the cakes
