target,prediction
since snape may chew a pancake which lupin can arrange since snape should arrange the pancakes lupin can prepare a cake,since snape may chew a pancake which lupin can arrange the pancakes snape should giggle since lupin can prepare the pancakes
because ron should chew the strudels that ginny can prepare because hermione must create a souffle george can arrange a cake,because ron should chew the strudels that ginny can prepare because neville can create a souffle a professor can arrange
since snape may gobble a cake because ron must wiggle vernon should laugh since voldemort can assemble a cookie,since snape may gobble a cake because ron must wiggle vernon can laugh since a should laugh
dobby should sprinkle the cakes because harry must assemble the doughnut since sirius must run because the student may wiggle,dobby should sprinkle the cakes because harry must assemble the doughnut since the must run because the student may wiggle
since the witch must make the pancake which a wizard may hide because a student should laugh ron can party,since the witch must make the pancake which a student may hide because wizard should laugh since ron can party
since lily should arrange the baklava ginny can run because dobby can gobble a pancake because neville must chew many baklava,since lily should arrange the baklava because can run because ginny can gobble a baklava which dobby must chew
since a wizard must chew the cakes which he should eat fred should laugh because dobby should hide a cake,since a wizard must chew the cakes which should eat since fred should laugh he should hide a cake
petunia should walk because ron should hiccup since draco should gobble the pancakes which voldemort can create,petunia should walk because ron should hiccup since voldemort should gobble the pancakes which a can create
since he should hide a croissant since george can gobble the strudel which the student must gobble lupin may arrange a souffle,since he should hide a croissant since george can gobble the strudel which the student must gobble because george may arrange a souffle
since hermione can swim a student may giggle since ron should sprinkle the strudels which lupin should gobble,since hermione can swim a student should sprinkle the cookies since ron may giggle lupin should gobble many strudels
george must run since petunia should hide a cake that hagrid may prepare since fred must giggle,george must run since hagrid should hide a cake since dobby may prepare since fred must giggle
since sirius should eat the cookies that dobby must sprinkle hermione must party since mcgonagall may create the souffle,since sirius should eat the cookies that dobby must sprinkle hermione must sprinkle the pancake since mcgonagall may create
since he can make many chocolates george may gobble the strudels which vernon can chew since a student can gobble the cakes,since he can make many chocolates which hagrid may gobble george can chew many cakes which the student can gobble the pancake
because fred should chew the pancake which he should create he must eat the doughnut because petunia may create a cookie,because fred should chew the pancake he he create the doughnut which hermione should create because he may eat a cookie
because draco must make a strudel since dobby must prepare a croissant that fred can make neville must run,because draco must make a strudel since dobby must prepare a croissant fred can make many chocolates that neville must giggle
since he can swim since he may make a croissant which a professor can gobble ron may assemble the croissants,since he can swim since petunia may make a croissant since can gobble a doughnut which the student may assemble
since vernon must hide a pancake which he can hide a student should prepare the cakes because a wizard must eat a cake,since vernon must hide a pancake which he can hide the cakes a student should hide a souffle because albus must prepare a strudel
since a wizard can smile because petunia can assemble the pancake because lupin should chew the baklava ron may eat the croissant,since a wizard can smile because ron can assemble the pancake because lupin should chew the baklava which may eat the croissant
fred must create the croissant that the wizard can assemble since snape must eat the doughnuts that ginny can chew,fred must create the croissant that the witch can assemble since fred must make the doughnuts that the wizard can
since george should giggle since albus can create many pancakes lily should chew many souffles because she can make a doughnut,since george should run since albus can assemble many pancakes lily should sprinkle many croissants because lily can chew a pancakes
because dobby must gobble the doughnuts that fred may hide because a witch should gobble the cakes james must gobble the doughnut,because dobby must gobble the doughnuts that fred may hide because a witch should gobble the cakes because james must gobble the doughnut
fred must create a souffle because he must make many chocolates which the witch must sprinkle,fred must create a souffle because he must make many chocolates since the witch must sprinkle
since she may walk fred should laugh since the wizard may giggle,since she may laugh fred should walk since fred may giggle the wizard
because she must assemble the eclaires because the student can hiccup neville must hide the baklava that mcgonagall can arrange,because she must assemble the pancakes because a student can hide the baklava neville can hide the eclaires that mcgonagall can must
neville can eat the cake because a student should walk since the professor should chew the cakes which the student must prepare,neville can eat the cake because a professor should chew the the student should chew the cakes since the student must swim
since a student must party harry must hide many cookies that a student may prepare because albus should eat a baklava,since a student must party harry must hide many cakes that a student may hide because albus should eat a souffles
because vernon must create a cake which neville should eat george should prepare a doughnut since neville may laugh,because vernon must create a cake neville should eat since george should neville a doughnut which neville may prepare
lily must prepare the souffle since neville must run because dobby should hide the baklava which albus must arrange,lily must prepare the souffle since neville must chew the cookie because dobby should prepare many souffle
because voldemort should arrange a baklava petunia can chew a cake because hermione must prepare a cake which dobby can prepare,because voldemort should arrange a baklava petunia can chew a cake because hermione must prepare a cake dobby can run
because james can gobble the cake sirius should prepare the croissants which he should create since a professor may party,because james can gobble the cake sirius should prepare the croissants which he should create a professor may party
since ron may hiccup hagrid should sprinkle the cookies that he must assemble because fred must giggle,since ron may hiccup hagrid should sprinkle the cookies that fred must make because he must prepare
target,prediction
since albus can giggle because fred must chew the cookie that dobby must make ginny may not giggle,since albus can giggle because fred must chew the cookie that must not make the doughnut that james may giggle
hermione must not swim since albus must giggle because hermione must arrange a cookie which voldemort may hide,hermione must not swim because albus must arrange since a wizard must laugh since neville may hide a doughnut
because he should sprinkle the cookie because draco may gobble the chocolate which hagrid must make ron should not hiccup,because he should sprinkle the cookie because draco may gobble the chocolate hagrid must not make the cookie which ron should hiccup
because petunia may swim a student must not gobble the strudels which neville can chew because a student may arrange the doughnuts,because petunia may swim neville student must hide many strudels which a student can chew the professor may not arrange the doughnuts
sirius may not eat the strudels because dobby can laugh because he should make the pancake that a wizard should hide,sirius may not eat the strudels because dobby can make the chocolates that the wizard should hide he should laugh
because lupin may hide a baklava dobby may not hide the cake which george must sprinkle since ginny should chew the pancakes,because lupin may hide a baklava dobby may not hide a cake which he must sprinkle since the witch should chew
the professor can not make the pancakes that he may eat since the witch must eat the doughnuts that mcgonagall must prepare,the professor can not make the pancakes that the may eat since he must eat the doughnuts that ron must prepare
since lily may create the pancakes that lupin should gobble since a witch should party dobby may not make the cookies,since lily may create the pancakes that a witch should gobble lupin dobby may party since lupin should make the cookies
because albus may chew the croissants which he must chew because ron should make a cake james should not walk,because albus may chew the croissants which he must chew because should not make a cake which james should walk
since harry may arrange the cakes which hagrid must assemble because george can make many eclaires mcgonagall may not make a strudel,since harry may arrange the cakes which hagrid must assemble because george can make many eclaires that mcgonagall may make a strudel
since james can arrange the doughnuts which fred can create because lupin must jump she must not arrange the pancake,since james can arrange the doughnuts which fred can create because must not jump because lily must arrange the pancake
because the witch can wiggle because petunia may hide a cake james must not swim because james should wiggle,because the witch can wiggle because petunia may hide a cake james james not swim because snape should wiggle
james may not make many chocolates because james may walk because the wizard should sprinkle the cookie,james may not make many chocolates because james may walk the the wizard should sprinkle
mcgonagall must not gobble the strudels that hermione should create because albus should assemble a cake which the witch may assemble,mcgonagall must not gobble the strudels that hermione should create because albus witch assemble a cake which the witch may assemble
since vernon may eat the souffles which lily should create draco must not jump because the professor must create many cookies,since vernon may eat the souffles which james should create because must not jump the cookies must create the souffles
since vernon must walk since neville can eat a strudel which a student must make snape should not arrange many doughnuts,since vernon must walk since george can eat a strudel which student must make a doughnuts which hagrid should arrange
since harry must prepare many eclaires which he should eat the witch should not make a pancake,since harry must prepare many eclaires since he should eat the pancake which should not make a cake
because george must prepare the baklava lupin may not run because the professor must make the pancakes that harry should arrange,because george must prepare the baklava lupin may not chew the pancakes because the professor must make because harry should run
since draco may sprinkle the baklava since a witch should assemble the eclaire which petunia must arrange dobby should not laugh,since draco may sprinkle the baklava since a witch should assemble the eclaire which dobby must arrange
because a professor should prepare a eclaire since george must swim fred must not sprinkle the baklava which he should eat,because a professor should prepare a eclaire since ginny must swim george should not sprinkle the baklava since fred must eat
sirius should not sprinkle the pancake since the witch should gobble many cakes because a wizard can create the pancakes,sirius should not sprinkle the pancake since a witch should gobble many cakes the the wizard can create many pancakes
because fred can chew the souffles which he must chew snape can not laugh since hagrid should prepare the cakes that he must create,because fred can chew the souffles which he must chew snape can not assemble since hagrid should sprinkle the cakes since he must not jump
since a wizard can chew the chocolates mcgonagall must not prepare the eclaires since petunia must hide the croissants,since a wizard can chew the chocolates mcgonagall must not prepare the eclaires since the must hide the croissants
because the wizard should arrange a souffle a student can not swim because sirius must arrange the souffle,because the wizard should arrange a souffle a student can not arrange because sirius must prepare the souffle
since hagrid can chew a cake that lupin should prepare because ginny should eat many pancakes albus may not hide a eclaire,since hagrid can chew a cake that lupin should prepare because ginny should assemble many pancakes that albus may eat a ginny should hiccup
